[
  { "code": "AF", "name": "Afghanistan", "capital": "Kabul", "region": "asia" },
  { "code": "AL", "name": "Albania", "capital": "Tirana", "region": "europe" },
  { "code": "DZ", "name": "Algeria", "capital": "Algiers", "region": "africa" },
  { "code": "AD", "name": "Andorra", "capital": "Andorra la Vella", "region": "europe" },
  { "code": "AO", "name": "Angola", "capital": "Luanda", "region": "africa" },
  { "code": "AG", "name": "Antigua and Barbuda", "capital": "St. John's", "region": "americas" },
  { "code": "AR", "name": "Argentina", "capital": "Buenos Aires", "region": "americas" },
  { "code": "AM", "name": "Armenia", "capital": "Yerevan", "region": "asia" },
  { "code": "AU", "name": "Australia", "capital": "Canberra", "region": "oceania" },
  { "code": "AT", "name": "Austria", "capital": "Vienna", "region": "europe" },
  { "code": "AZ", "name": "Azerbaijan", "capital": "Baku", "region": "asia" },
  { "code": "BS", "name": "Bahamas", "capital": "Nassau", "region": "americas" },
  { "code": "BH", "name": "Bahrain", "capital": "Manama", "region": "asia" },
  { "code": "BD", "name": "Bangladesh", "capital": "Dhaka", "region": "asia" },
  { "code": "BB", "name": "Barbados", "capital": "Bridgetown", "region": "americas" },
  { "code": "BY", "name": "Belarus", "capital": "Minsk", "region": "europe" },
  { "code": "BE", "name": "Belgium", "capital": "Brussels", "region": "europe" },
  { "code": "BZ", "name": "Belize", "capital": "Belmopan", "region": "americas" },
  { "code": "BJ", "name": "Benin", "capital": "Porto-Novo", "region": "africa" },
  { "code": "BT", "name": "Bhutan", "capital": "Thimphu", "region": "asia" },
  { "code": "BO", "name": "Bolivia", "capital": "Sucre", "region": "americas" },
  { "code": "BA", "name": "Bosnia and Herzegovina", "capital": "Sarajevo", "region": "europe" },
  { "code": "BW", "name": "Botswana", "capital": "Gaborone", "region": "africa" },
  { "code": "BR", "name": "Brazil", "capital": "Brasília", "region": "americas" },
  { "code": "BN", "name": "Brunei", "capital": "Bandar Seri Begawan", "region": "asia" },
  { "code": "BG", "name": "Bulgaria", "capital": "Sofia", "region": "europe" },
  { "code": "BF", "name": "Burkina Faso", "capital": "Ouagadougou", "region": "africa" },
  { "code": "BI", "name": "Burundi", "capital": "Gitega", "region": "africa" },
  { "code": "CV", "name": "Cabo Verde", "capital": "Praia", "region": "africa" },
  { "code": "KH", "name": "Cambodia", "capital": "Phnom Penh", "region": "asia" },
  { "code": "CM", "name": "Cameroon", "capital": "Yaoundé", "region": "africa" },
  { "code": "CA", "name": "Canada", "capital": "Ottawa", "region": "americas" },
  { "code": "CF", "name": "Central African Republic", "capital": "Bangui", "region": "africa" },
  { "code": "TD", "name": "Chad", "capital": "N'Djamena", "region": "africa" },
  { "code": "CL", "name": "Chile", "capital": "Santiago", "region": "americas" },
  { "code": "CN", "name": "China", "capital": "Beijing", "region": "asia" },
  { "code": "CO", "name": "Colombia", "capital": "Bogotá", "region": "americas" },
  { "code": "KM", "name": "Comoros", "capital": "Moroni", "region": "africa" },
  { "code": "CG", "name": "Congo (Republic)", "capital": "Brazzaville", "region": "africa" },
  { "code": "CD", "name": "Congo (DR)", "capital": "Kinshasa", "region": "africa" },
  { "code": "CR", "name": "Costa Rica", "capital": "San José", "region": "americas" },
  { "code": "HR", "name": "Croatia", "capital": "Zagreb", "region": "europe" },
  { "code": "CU", "name": "Cuba", "capital": "Havana", "region": "americas" },
  { "code": "CY", "name": "Cyprus", "capital": "Nicosia", "region": "europe" },
  { "code": "CZ", "name": "Czech Republic", "capital": "Prague", "region": "europe" },
  { "code": "DK", "name": "Denmark", "capital": "Copenhagen", "region": "europe" },
  { "code": "DJ", "name": "Djibouti", "capital": "Djibouti City", "region": "africa" },
  { "code": "DM", "name": "Dominica", "capital": "Roseau", "region": "americas" },
  { "code": "DO", "name": "Dominican Republic", "capital": "Santo Domingo", "region": "americas" },
  { "code": "EC", "name": "Ecuador", "capital": "Quito", "region": "americas" },
  { "code": "EG", "name": "Egypt", "capital": "Cairo", "region": "africa" },
  { "code": "SV", "name": "El Salvador", "capital": "San Salvador", "region": "americas" },
  { "code": "GQ", "name": "Equatorial Guinea", "capital": "Malabo", "region": "africa" },
  { "code": "ER", "name": "Eritrea", "capital": "Asmara", "region": "africa" },
  { "code": "EE", "name": "Estonia", "capital": "Tallinn", "region": "europe" },
  { "code": "SZ", "name": "Eswatini", "capital": "Mbabane", "region": "africa" },
  { "code": "ET", "name": "Ethiopia", "capital": "Addis Ababa", "region": "africa" },
  { "code": "FJ", "name": "Fiji", "capital": "Suva", "region": "oceania" },
  { "code": "FI", "name": "Finland", "capital": "Helsinki", "region": "europe" },
  { "code": "FR", "name": "France", "capital": "Paris", "region": "europe" },
  { "code": "GA", "name": "Gabon", "capital": "Libreville", "region": "africa" },
  { "code": "GM", "name": "Gambia", "capital": "Banjul", "region": "africa" },
  { "code": "GE", "name": "Georgia", "capital": "Tbilisi", "region": "asia" },
  { "code": "DE", "name": "Germany", "capital": "Berlin", "region": "europe" },
  { "code": "GH", "name": "Ghana", "capital": "Accra", "region": "africa" },
  { "code": "GR", "name": "Greece", "capital": "Athens", "region": "europe" },
  { "code": "GD", "name": "Grenada", "capital": "St. George's", "region": "americas" },
  { "code": "GT", "name": "Guatemala", "capital": "Guatemala City", "region": "americas" },
  { "code": "GN", "name": "Guinea", "capital": "Conakry", "region": "africa" },
  { "code": "GW", "name": "Guinea-Bissau", "capital": "Bissau", "region": "africa" },
  { "code": "GY", "name": "Guyana", "capital": "Georgetown", "region": "americas" },
  { "code": "HT", "name": "Haiti", "capital": "Port-au-Prince", "region": "americas" },
  { "code": "HN", "name": "Honduras", "capital": "Tegucigalpa", "region": "americas" },
  { "code": "HU", "name": "Hungary", "capital": "Budapest", "region": "europe" },
  { "code": "IS", "name": "Iceland", "capital": "Reykjavík", "region": "europe" },
  { "code": "IN", "name": "India", "capital": "New Delhi", "region": "asia" },
  { "code": "ID", "name": "Indonesia", "capital": "Jakarta", "region": "asia" },
  { "code": "IR", "name": "Iran", "capital": "Tehran", "region": "asia" },
  { "code": "IQ", "name": "Iraq", "capital": "Baghdad", "region": "asia" },
  { "code": "IE", "name": "Ireland", "capital": "Dublin", "region": "europe" },
  { "code": "IL", "name": "Israel", "capital": "Jerusalem", "region": "asia" },
  { "code": "IT", "name": "Italy", "capital": "Rome", "region": "europe" },
  { "code": "CI", "name": "Ivory Coast", "capital": "Yamoussoukro", "region": "africa" },
  { "code": "JM", "name": "Jamaica", "capital": "Kingston", "region": "americas" },
  { "code": "JP", "name": "Japan", "capital": "Tokyo", "region": "asia" },
  { "code": "JO", "name": "Jordan", "capital": "Amman", "region": "asia" },
  { "code": "KZ", "name": "Kazakhstan", "capital": "Astana", "region": "asia" },
  { "code": "KE", "name": "Kenya", "capital": "Nairobi", "region": "africa" },
  { "code": "KI", "name": "Kiribati", "capital": "South Tarawa", "region": "oceania" },
  { "code": "KP", "name": "North Korea", "capital": "Pyongyang", "region": "asia" },
  { "code": "KR", "name": "South Korea", "capital": "Seoul", "region": "asia" },
  { "code": "KW", "name": "Kuwait", "capital": "Kuwait City", "region": "asia" },
  { "code": "KG", "name": "Kyrgyzstan", "capital": "Bishkek", "region": "asia" },
  { "code": "LA", "name": "Laos", "capital": "Vientiane", "region": "asia" },
  { "code": "LV", "name": "Latvia", "capital": "Riga", "region": "europe" },
  { "code": "LB", "name": "Lebanon", "capital": "Beirut", "region": "asia" },
  { "code": "LS", "name": "Lesotho", "capital": "Maseru", "region": "africa" },
  { "code": "LR", "name": "Liberia", "capital": "Monrovia", "region": "africa" },
  { "code": "LY", "name": "Libya", "capital": "Tripoli", "region": "africa" },
  { "code": "LI", "name": "Liechtenstein", "capital": "Vaduz", "region": "europe" },
  { "code": "LT", "name": "Lithuania", "capital": "Vilnius", "region": "europe" },
  { "code": "LU", "name": "Luxembourg", "capital": "Luxembourg City", "region": "europe" },
  { "code": "MG", "name": "Madagascar", "capital": "Antananarivo", "region": "africa" },
  { "code": "MW", "name": "Malawi", "capital": "Lilongwe", "region": "africa" },
  { "code": "MY", "name": "Malaysia", "capital": "Kuala Lumpur", "region": "asia" },
  { "code": "MV", "name": "Maldives", "capital": "Malé", "region": "asia" },
  { "code": "ML", "name": "Mali", "capital": "Bamako", "region": "africa" },
  { "code": "MT", "name": "Malta", "capital": "Valletta", "region": "europe" },
  { "code": "MH", "name": "Marshall Islands", "capital": "Majuro", "region": "oceania" },
  { "code": "MR", "name": "Mauritania", "capital": "Nouakchott", "region": "africa" },
  { "code": "MU", "name": "Mauritius", "capital": "Port Louis", "region": "africa" },
  { "code": "MX", "name": "Mexico", "capital": "Mexico City", "region": "americas" },
  { "code": "FM", "name": "Micronesia", "capital": "Palikir", "region": "oceania" },
  { "code": "MD", "name": "Moldova", "capital": "Chișinău", "region": "europe" },
  { "code": "MC", "name": "Monaco", "capital": "Monaco", "region": "europe" },
  { "code": "MN", "name": "Mongolia", "capital": "Ulaanbaatar", "region": "asia" },
  { "code": "ME", "name": "Montenegro", "capital": "Podgorica", "region": "europe" },
  { "code": "MA", "name": "Morocco", "capital": "Rabat", "region": "africa" },
  { "code": "MZ", "name": "Mozambique", "capital": "Maputo", "region": "africa" },
  { "code": "MM", "name": "Myanmar", "capital": "Naypyidaw", "region": "asia" },
  { "code": "NA", "name": "Namibia", "capital": "Windhoek", "region": "africa" },
  { "code": "NR", "name": "Nauru", "capital": "Yaren", "region": "oceania" },
  { "code": "NP", "name": "Nepal", "capital": "Kathmandu", "region": "asia" },
  { "code": "NL", "name": "Netherlands", "capital": "Amsterdam", "region": "europe" },
  { "code": "NZ", "name": "New Zealand", "capital": "Wellington", "region": "oceania" },
  { "code": "NI", "name": "Nicaragua", "capital": "Managua", "region": "americas" },
  { "code": "NE", "name": "Niger", "capital": "Niamey", "region": "africa" },
  { "code": "NG", "name": "Nigeria", "capital": "Abuja", "region": "africa" },
  { "code": "MK", "name": "North Macedonia", "capital": "Skopje", "region": "europe" },
  { "code": "NO", "name": "Norway", "capital": "Oslo", "region": "europe" },
  { "code": "OM", "name": "Oman", "capital": "Muscat", "region": "asia" },
  { "code": "PK", "name": "Pakistan", "capital": "Islamabad", "region": "asia" },
  { "code": "PW", "name": "Palau", "capital": "Ngerulmud", "region": "oceania" },
  { "code": "PA", "name": "Panama", "capital": "Panama City", "region": "americas" },
  { "code": "PG", "name": "Papua New Guinea", "capital": "Port Moresby", "region": "oceania" },
  { "code": "PY", "name": "Paraguay", "capital": "Asunción", "region": "americas" },
  { "code": "PE", "name": "Peru", "capital": "Lima", "region": "americas" },
  { "code": "PH", "name": "Philippines", "capital": "Manila", "region": "asia" },
  { "code": "PL", "name": "Poland", "capital": "Warsaw", "region": "europe" },
  { "code": "PT", "name": "Portugal", "capital": "Lisbon", "region": "europe" },
  { "code": "QA", "name": "Qatar", "capital": "Doha", "region": "asia" },
  { "code": "RO", "name": "Romania", "capital": "Bucharest", "region": "europe" },
  { "code": "RU", "name": "Russia", "capital": "Moscow", "region": "europe" },
  { "code": "RW", "name": "Rwanda", "capital": "Kigali", "region": "africa" },
  { "code": "KN", "name": "Saint Kitts and Nevis", "capital": "Basseterre", "region": "americas" },
  { "code": "LC", "name": "Saint Lucia", "capital": "Castries", "region": "americas" },
  { "code": "VC", "name": "Saint Vincent and the Grenadines", "capital": "Kingstown", "region": "americas" },
  { "code": "WS", "name": "Samoa", "capital": "Apia", "region": "oceania" },
  { "code": "SM", "name": "San Marino", "capital": "San Marino", "region": "europe" },
  { "code": "ST", "name": "São Tomé and Príncipe", "capital": "São Tomé", "region": "africa" },
  { "code": "SA", "name": "Saudi Arabia", "capital": "Riyadh", "region": "asia" },
  { "code": "SN", "name": "Senegal", "capital": "Dakar", "region": "africa" },
  { "code": "RS", "name": "Serbia", "capital": "Belgrade", "region": "europe" },
  { "code": "SC", "name": "Seychelles", "capital": "Victoria", "region": "africa" },
  { "code": "SL", "name": "Sierra Leone", "capital": "Freetown", "region": "africa" },
  { "code": "SG", "name": "Singapore", "capital": "Singapore", "region": "asia" },
  { "code": "SK", "name": "Slovakia", "capital": "Bratislava", "region": "europe" },
  { "code": "SI", "name": "Slovenia", "capital": "Ljubljana", "region": "europe" },
  { "code": "SB", "name": "Solomon Islands", "capital": "Honiara", "region": "oceania" },
  { "code": "SO", "name": "Somalia", "capital": "Mogadishu", "region": "africa" },
  { "code": "ZA", "name": "South Africa", "capital": "Pretoria", "region": "africa" },
  { "code": "SS", "name": "South Sudan", "capital": "Juba", "region": "africa" },
  { "code": "ES", "name": "Spain", "capital": "Madrid", "region": "europe" },
  { "code": "LK", "name": "Sri Lanka", "capital": "Sri Jayawardenepura Kotte", "region": "asia" },
  { "code": "SD", "name": "Sudan", "capital": "Khartoum", "region": "africa" },
  { "code": "SR", "name": "Suriname", "capital": "Paramaribo", "region": "americas" },
  { "code": "SE", "name": "Sweden", "capital": "Stockholm", "region": "europe" },
  { "code": "CH", "name": "Switzerland", "capital": "Bern", "region": "europe" },
  { "code": "SY", "name": "Syria", "capital": "Damascus", "region": "asia" },
  { "code": "TJ", "name": "Tajikistan", "capital": "Dushanbe", "region": "asia" },
  { "code": "TZ", "name": "Tanzania", "capital": "Dodoma", "region": "africa" },
  { "code": "TH", "name": "Thailand", "capital": "Bangkok", "region": "asia" },
  { "code": "TL", "name": "Timor-Leste", "capital": "Dili", "region": "asia" },
  { "code": "TG", "name": "Togo", "capital": "Lomé", "region": "africa" },
  { "code": "TO", "name": "Tonga", "capital": "Nuku'alofa", "region": "oceania" },
  { "code": "TT", "name": "Trinidad and Tobago", "capital": "Port of Spain", "region": "americas" },
  { "code": "TN", "name": "Tunisia", "capital": "Tunis", "region": "africa" },
  { "code": "TR", "name": "Turkey", "capital": "Ankara", "region": "asia" },
  { "code": "TM", "name": "Turkmenistan", "capital": "Ashgabat", "region": "asia" },
  { "code": "TV", "name": "Tuvalu", "capital": "Funafuti", "region": "oceania" },
  { "code": "UG", "name": "Uganda", "capital": "Kampala", "region": "africa" },
  { "code": "UA", "name": "Ukraine", "capital": "Kyiv", "region": "europe" },
  { "code": "AE", "name": "United Arab Emirates", "capital": "Abu Dhabi", "region": "asia" },
  { "code": "GB", "name": "United Kingdom", "capital": "London", "region": "europe" },
  { "code": "US", "name": "United States", "capital": "Washington, D.C.", "region": "americas" },
  { "code": "UY", "name": "Uruguay", "capital": "Montevideo", "region": "americas" },
  { "code": "UZ", "name": "Uzbekistan", "capital": "Tashkent", "region": "asia" },
  { "code": "VU", "name": "Vanuatu", "capital": "Port Vila", "region": "oceania" },
  { "code": "VE", "name": "Venezuela", "capital": "Caracas", "region": "americas" },
  { "code": "VN", "name": "Vietnam", "capital": "Hanoi", "region": "asia" },
  { "code": "YE", "name": "Yemen", "capital": "Sana'a", "region": "asia" },
  { "code": "ZM", "name": "Zambia", "capital": "Lusaka", "region": "africa" },
  { "code": "ZW", "name": "Zimbabwe", "capital": "Harare", "region": "africa" }
]
